GROUP,PACKAGE,CLASS,INSTRUCTION_MISSED,INSTRUCTION_COVERED,BRANCH_MISSED,BRANCH_COVERED,LINE_MISSED,LINE_COVERED,COMPLEXITY_MISSED,COMPLEXITY_COVERED,METHOD_MISSED,METHOD_COVERED
trading_system,com.sapient.utility,CurrencyUtility,61,0,0,0,12,0,2,0,2,0
trading_system,com.sapient.dao,CurrencyImpl,344,0,50,0,55,0,39,0,14,0
trading_system,com.sapient.dao,BankImpl,239,0,30,0,54,0,21,0,6,0
trading_system,com.sapient.dao,CustomerImpl,62,0,8,0,13,0,8,0,4,0
trading_system,com.sapient.dao,CalendarImpl,71,0,8,0,18,0,8,0,4,0
trading_system,com.sapient,Main,17,0,0,0,7,0,2,0,2,0
trading_system,com.sapient.exceptions,InvalidUserIdException,4,0,0,0,2,0,1,0,1,0
trading_system,com.sapient.exceptions,BankInUseException,4,0,0,0,2,0,1,0,1,0
trading_system,com.sapient.exceptions,InvalidDateException,4,0,0,0,2,0,1,0,1,0
trading_system,com.sapient.exceptions,InvalidPincodeException,4,0,0,0,2,0,1,0,1,0
trading_system,com.sapient.exceptions,InvalidCountryCode,4,0,0,0,2,0,1,0,1,0
trading_system,com.sapient.exceptions,BankNameException,4,0,0,0,2,0,1,0,1,0
trading_system,com.sapient.exceptions,DataDoesNotExistException,4,0,0,0,2,0,1,0,1,0
trading_system,com.sapient.exceptions,InvalidCurrencyException,4,0,0,0,2,0,1,0,1,0
trading_system,com.sapient.exceptions,InvalidFileException,4,0,0,0,2,0,1,0,1,0
trading_system,com.sapient.exceptions,CrossCurrencySwapException,4,0,0,0,2,0,1,0,1,0
trading_system,com.sapient.models,Symbol,0,34,0,0,0,2,0,1,0,1
trading_system,com.sapient.models,Address,253,0,46,0,8,0,39,0,16,0
trading_system,com.sapient.models,Customer,374,0,60,0,12,0,54,0,24,0
trading_system,com.sapient.models,Bank,190,3,32,0,6,1,29,1,13,1
trading_system,com.sapient.models,Event,150,0,24,0,6,0,24,0,12,0
trading_system,com.sapient.models,Country,123,10,18,0,3,3,18,3,9,3
trading_system,com.sapient.models,Currency,190,29,34,0,4,4,25,8,8,8
trading_system,com.sapient.models,Calendar,253,0,46,0,8,0,39,0,16,0
